participant_id	source_id	age	sex	diagnosis	n_recordings	implant_type	n_lfp_channels	regions_sampled	recordings_detail
sub-11	p11	n/a	n/a	Parkinson's disease	1	single tungsten microelectrode (FHC)	1	subthalamic nucleus (STN)	d1: 1 LFP ch, 1 units, single tungsten microelectrode (FHC)
sub-12	p12	n/a	n/a	Parkinson's disease	1	single tungsten microelectrode (FHC)	1	subthalamic nucleus (STN)	d1: 1 LFP ch, 1 units, single tungsten microelectrode (FHC)
sub-14	p14	n/a	n/a	Parkinson's disease	2	single tungsten microelectrode (FHC)	2	subthalamic nucleus (STN)	d1: 1 LFP ch, 1 units, single tungsten microelectrode (FHC) | d2: 1 LFP ch, 1 units, single tungsten microelectrode (FHC)
sub-15	p15	n/a	n/a	Parkinson's disease	1	single tungsten microelectrode (FHC)	1	subthalamic nucleus (STN)	d1: 1 LFP ch, 1 units, single tungsten microelectrode (FHC)
sub-16	p16	n/a	n/a	Parkinson's disease	2	32-ch Pt/Ir microwire array (Ad-Tech); single tungsten microelectrode (FHC)	33	subthalamic nucleus (STN)	d1: 1 LFP ch, 0 units, single tungsten microelectrode (FHC) | d2: 32 LFP ch, 0 units, 32-ch Pt/Ir microwire array (Ad-Tech)
sub-17	p17	n/a	n/a	Parkinson's disease	2	32-ch Pt/Ir microwire array (Ad-Tech); single tungsten microelectrode (FHC)	33	subthalamic nucleus (STN)	d1: 1 LFP ch, 1 units, single tungsten microelectrode (FHC) | d2: 32 LFP ch, 8 units, 32-ch Pt/Ir microwire array (Ad-Tech)
sub-18	p18	n/a	n/a	Parkinson's disease	1	32-ch Pt/Ir microwire array (Ad-Tech)	32	subthalamic nucleus (STN)	d1: 32 LFP ch, 4 units, 32-ch Pt/Ir microwire array (Ad-Tech)
sub-20	p20	n/a	n/a	Parkinson's disease	1	32-ch Pt/Ir microwire array (Ad-Tech)	32	subthalamic nucleus (STN)	d1: 32 LFP ch, 13 units, 32-ch Pt/Ir microwire array (Ad-Tech)
sub-21	p21	n/a	n/a	Parkinson's disease	1	single tungsten microelectrode (FHC)	1	subthalamic nucleus (STN)	d1: 1 LFP ch, 1 units, single tungsten microelectrode (FHC)
sub-22	p22	n/a	n/a	Parkinson's disease	1	32-ch Pt/Ir microwire array (Ad-Tech)	32	subthalamic nucleus (STN)	d1: 32 LFP ch, 12 units, 32-ch Pt/Ir microwire array (Ad-Tech)
sub-23	p23	n/a	n/a	Parkinson's disease	1	32-ch Pt/Ir microwire array (Ad-Tech)	32	subthalamic nucleus (STN)	d1: 32 LFP ch, 6 units, 32-ch Pt/Ir microwire array (Ad-Tech)
sub-24	p24	n/a	n/a	Parkinson's disease	1	single tungsten microelectrode (FHC)	1	subthalamic nucleus (STN)	d1: 1 LFP ch, 1 units, single tungsten microelectrode (FHC)
sub-25	p25	n/a	n/a	Parkinson's disease	1	no LFP (spikes/behaviour only); single tungsten microelectrode (FHC)	1	subthalamic nucleus (STN)	d1: 1 LFP ch, 1 units, single tungsten microelectrode (FHC) | d2: 0 LFP ch, 1 units, no LFP (spikes/behaviour only)
sub-30	p30	n/a	n/a	Parkinson's disease	1	32-ch Pt/Ir microwire array (Ad-Tech)	32	subthalamic nucleus (STN)	d1: 32 LFP ch, 2 units, 32-ch Pt/Ir microwire array (Ad-Tech)
