name	type	units	low_cutoff	high_cutoff	sampling_frequency	group	status	status_description	description
c17	SEEG	µV	n/a	n/a	200.0	n/a	good	n/a	intraoperative STN local field potential, channel 17 of the release (32-channel microwire array)
c18	SEEG	µV	n/a	n/a	200.0	n/a	good	n/a	intraoperative STN local field potential, channel 18 of the release (32-channel microwire array)
c19	SEEG	µV	n/a	n/a	200.0	n/a	good	n/a	intraoperative STN local field potential, channel 19 of the release (32-channel microwire array)
c20	SEEG	µV	n/a	n/a	200.0	n/a	good	n/a	intraoperative STN local field potential, channel 20 of the release (32-channel microwire array)
c21	SEEG	µV	n/a	n/a	200.0	n/a	good	n/a	intraoperative STN local field potential, channel 21 of the release (32-channel microwire array)
c22	SEEG	µV	n/a	n/a	200.0	n/a	good	n/a	intraoperative STN local field potential, channel 22 of the release (32-channel microwire array)
c23	SEEG	µV	n/a	n/a	200.0	n/a	good	n/a	intraoperative STN local field potential, channel 23 of the release (32-channel microwire array)
c24	SEEG	µV	n/a	n/a	200.0	n/a	good	n/a	intraoperative STN local field potential, channel 24 of the release (32-channel microwire array)
c25	SEEG	µV	n/a	n/a	200.0	n/a	good	n/a	intraoperative STN local field potential, channel 25 of the release (32-channel microwire array)
c26	SEEG	µV	n/a	n/a	200.0	n/a	good	n/a	intraoperative STN local field potential, channel 26 of the release (32-channel microwire array)
c27	SEEG	µV	n/a	n/a	200.0	n/a	good	n/a	intraoperative STN local field potential, channel 27 of the release (32-channel microwire array)
c28	SEEG	µV	n/a	n/a	200.0	n/a	good	n/a	intraoperative STN local field potential, channel 28 of the release (32-channel microwire array)
c29	SEEG	µV	n/a	n/a	200.0	n/a	good	n/a	intraoperative STN local field potential, channel 29 of the release (32-channel microwire array)
c30	SEEG	µV	n/a	n/a	200.0	n/a	good	n/a	intraoperative STN local field potential, channel 30 of the release (32-channel microwire array)
c31	SEEG	µV	n/a	n/a	200.0	n/a	good	n/a	intraoperative STN local field potential, channel 31 of the release (32-channel microwire array)
c32	SEEG	µV	n/a	n/a	200.0	n/a	good	n/a	intraoperative STN local field potential, channel 32 of the release (32-channel microwire array)
c33	SEEG	µV	n/a	n/a	200.0	n/a	good	n/a	intraoperative STN local field potential, channel 33 of the release (32-channel microwire array)
c34	SEEG	µV	n/a	n/a	200.0	n/a	good	n/a	intraoperative STN local field potential, channel 34 of the release (32-channel microwire array)
c35	SEEG	µV	n/a	n/a	200.0	n/a	good	n/a	intraoperative STN local field potential, channel 35 of the release (32-channel microwire array)
c36	SEEG	µV	n/a	n/a	200.0	n/a	good	n/a	intraoperative STN local field potential, channel 36 of the release (32-channel microwire array)
c37	SEEG	µV	n/a	n/a	200.0	n/a	good	n/a	intraoperative STN local field potential, channel 37 of the release (32-channel microwire array)
c38	SEEG	µV	n/a	n/a	200.0	n/a	good	n/a	intraoperative STN local field potential, channel 38 of the release (32-channel microwire array)
c39	SEEG	µV	n/a	n/a	200.0	n/a	good	n/a	intraoperative STN local field potential, channel 39 of the release (32-channel microwire array)
c40	SEEG	µV	n/a	n/a	200.0	n/a	good	n/a	intraoperative STN local field potential, channel 40 of the release (32-channel microwire array)
c41	SEEG	µV	n/a	n/a	200.0	n/a	good	n/a	intraoperative STN local field potential, channel 41 of the release (32-channel microwire array)
c42	SEEG	µV	n/a	n/a	200.0	n/a	good	n/a	intraoperative STN local field potential, channel 42 of the release (32-channel microwire array)
c43	SEEG	µV	n/a	n/a	200.0	n/a	good	n/a	intraoperative STN local field potential, channel 43 of the release (32-channel microwire array)
c44	SEEG	µV	n/a	n/a	200.0	n/a	good	n/a	intraoperative STN local field potential, channel 44 of the release (32-channel microwire array)
c45	SEEG	µV	n/a	n/a	200.0	n/a	good	n/a	intraoperative STN local field potential, channel 45 of the release (32-channel microwire array)
c46	SEEG	µV	n/a	n/a	200.0	n/a	good	n/a	intraoperative STN local field potential, channel 46 of the release (32-channel microwire array)
c47	SEEG	µV	n/a	n/a	200.0	n/a	good	n/a	intraoperative STN local field potential, channel 47 of the release (32-channel microwire array)
c48	SEEG	µV	n/a	n/a	200.0	n/a	good	n/a	intraoperative STN local field potential, channel 48 of the release (32-channel microwire array)
