name	x	y	z	size	group
c17	n/a	n/a	n/a	n/a	n/a
c18	n/a	n/a	n/a	n/a	n/a
c19	n/a	n/a	n/a	n/a	n/a
c20	n/a	n/a	n/a	n/a	n/a
c21	n/a	n/a	n/a	n/a	n/a
c22	n/a	n/a	n/a	n/a	n/a
c23	n/a	n/a	n/a	n/a	n/a
c24	n/a	n/a	n/a	n/a	n/a
c25	n/a	n/a	n/a	n/a	n/a
c26	n/a	n/a	n/a	n/a	n/a
c27	n/a	n/a	n/a	n/a	n/a
c28	n/a	n/a	n/a	n/a	n/a
c29	n/a	n/a	n/a	n/a	n/a
c30	n/a	n/a	n/a	n/a	n/a
c31	n/a	n/a	n/a	n/a	n/a
c32	n/a	n/a	n/a	n/a	n/a
c33	n/a	n/a	n/a	n/a	n/a
c34	n/a	n/a	n/a	n/a	n/a
c35	n/a	n/a	n/a	n/a	n/a
c36	n/a	n/a	n/a	n/a	n/a
c37	n/a	n/a	n/a	n/a	n/a
c38	n/a	n/a	n/a	n/a	n/a
c39	n/a	n/a	n/a	n/a	n/a
c40	n/a	n/a	n/a	n/a	n/a
c41	n/a	n/a	n/a	n/a	n/a
c42	n/a	n/a	n/a	n/a	n/a
c43	n/a	n/a	n/a	n/a	n/a
c44	n/a	n/a	n/a	n/a	n/a
c45	n/a	n/a	n/a	n/a	n/a
c46	n/a	n/a	n/a	n/a	n/a
c47	n/a	n/a	n/a	n/a	n/a
c48	n/a	n/a	n/a	n/a	n/a
